Id Number, Age, State, Number of traps, 2018 Revenue,2019 Revenue
71273,62,1,600,140758,98882
9984,33,1,800,143000,116109
8557,27,1,500,95000,75865
7966,47,1,800,348000,112690
7298,61,1,900,415000,313285
67371,32,1,100,106000,71739
1,59,1,850,146000,0
5357,30,1,800,0,216462
5525,32,1,,0,291090
6182,34,1,800,0,272030
8253,58,1,800,0,86915
1073,19,1,840,112000,88879
2376,52,1,800,320000,211397
5311,26,1,950,420000,326692
6261,40,1,800,155000,141041
70621,41,1,900,300000,236210
2544,49,1,850,0,94398
9087,34,1,758,252000,184411
9851,21,1,700,91000,54758
73379,48,1,800,50000,137787
5326,52,1,760,160000,103320
8334,19,1,500,30000,2174
2677,37,2,880,0,0
7064,20,1,500,0,46381
7791,67,1,500,52000,50812
8732,62,1,150,8000,0
98190,59,1,400,23744,18041
7650,49,1,175,9000,15542
9336,65,1,800,0,148900
70461,63,1,360,10295,0
5279,46,1,800,89000,65579
5562,49,1,600,70000,0
5962,40,1,750,48000,45245
7970,60,1,600,85000,65352
9218,46,1,800,125000,78276
4419,27,1,800,0,141557
73233,47,1,600,121000,100120
6896,44,1,900,466690,357899
72485,39,1,800,280000,226804
70993,59,1,900,167000,130099
6153,58,1,1000,420000,301187
3007,35,1,800,100000,62436
6744,56,1,800,230227,178738
8883,46,1,798,105000,0
3873,30,1,550,26000,60966
8049,51,1,803,131490,96980
8411,25,1,850,300000,223629
215,56,1,800,0,95863
4053,59,1,880,262000,194381
5984,39,1,880,401000,303906
7133,41,1,800,310000,124882
4544,36,1,900,240000,130013
71149,53,1,850,335000,249481
1759,67,1,720,0,151427
7895,53,1,800,280000,243023
1516,47,1,800,213000,129419
8019,55,1,800,75000,0
7305,61,1,400,51000,26249
4703,48,1,300,25674,16164
526,50,1,800,70000,57029
11318,40,1,800,320000,0
2816,32,1,200,12000,6284
11925,63,1,600,57004,57256
70736,56,1,800,234000,189431
7856,48,1,720,155000,111669
5574,33,1,450,111975,86598
8094,27,1,800,240000,195226
673,43,1,800,154000,117370
1785,46,1,900,463000,30741
1991,43,1,640,32000,56604
3706,60,1,860,126000,94249
3999,26,1,800,675000,403237
4585,31,1,800,150000,248312
5610,37,1,800,0,0
5907,24,1,800,0,205726
6040,52,1,800,300000,0
6285,65,1,850,454000,327968
6483,30,1,800,286000,304649
7007,38,1,1000,0,292130
9219,56,1,600,0,0
14035,59,1,825,405000,298086
729,41,1,475,185000,114506
1027,40,1,800,144000,170088
1161,30,1,900,0,308943
2521,27,1,800,28000,80169
2626,63,1,1000,0,180122
3042,50,1,600,147000,110569
3348,21,1,700,200000,124262
6030,68,1,800,40000,46501
7176,51,1,800,200000,144419
7570,34,1,800,96000,87742
7599,62,1,800,34500,24707
8469,24,1,675,103000,82424
8795,54,1,840,0,0
9140,65,1,800,24000,63748
9487,50,1,800,0,213383
9707,36,1,850,0,266746
10561,20,1,350,20000,0
99479,42,1,600,125000,0
644,31,1,720,0,0
1446,41,1,700,0,57674
5176,41,1,800,265000,193882
5707,41,1,500,0,0
5747,20,1,500,28000,10985
6586,59,1,800,30000,103935
6622,18,1,300,3000,17252
7248,25,1,800,166000,123187
8074,44,1,400,40000,0
9859,43,1,800,40000,130105
10531,24,1,700,160000,121785
14860,26,1,700,0,118999
70241,44,1,800,250000,190173
2,75,1,800,0,0
687,56,1,800,50000,191859
3317,75,1,250,0,3886
6054,45,1,300,0,13306
7854,28,1,800,30000,91692
56631,71,1,100,0,1825
67151,,1,600,200000,100742
70977,75,1,450,11000,0
665,59,1,300,0,11121
1983,45,1,600,45000,50188
2411,90,1,50,4000,1801
2646,40,1,600,27000,28854
2939,43,1,850,11500,30275
3089,56,1,501,50000,55210
3417,38,1,500,27000,12416
3824,43,1,800,29900,17322
5756,18,1,100,4600,11
6606,18,1,400,10000,6303
8403,67,1,195,11500,0
8714,54,1,1000,22000,61868
8876,47,1,400,8000,0
9455,54,1,800,0,96033
9740,26,1,350,0,0
13008,83,1,140,16000,7431
18846,63,1,125,1600,7053
99264,39,1,700,80000,53353
3,45,1,800,0,0
6275,34,1,825,247000,180777
2130,39,1,900,589533,0
7915,49,1,650,121000,70564
4232,64,1,105,6524,0
6056,62,1,250,9500,0
5586,70,1,100,0,0
11760,18,1,90,4900,2445
8633,41,1,450,29500,9130
1409,24,1,170,8300,5705
9583,19,1,400,9500,6925
1961,69,1,250,0,13303
5329,26,1,400,92000,67046
1229,34,3,150,1000,0
6278,29,1,400,1300,0
299,66,3,580,15000,0
5863,53,2,600,29640,0
8894,26,1,600,51000,34174
1088,51,3,500,43061,0
11456,21,1,250,26000,12330
5888,34,2,800,58000,0
9610,55,1,350,0,11337
8039,64,1,300,40000,5121
7492,46,1,800,0,0
4,59,1,750,64000,0
4832,37,1,600,149000,0
98714,48,1,820,225000,0
5966,39,1,800,102000,108201
6940,68,1,620,67513,0
5754,47,1,800,135000,126451
2898,73,1,300,32000,16923
2043,40,1,800,309880,220442
5400,29,1,600,100000,63174
2995,47,1,600,163000,139724
11332,36,1,900,345000,0
3543,60,1,900,50000,0
70268,51,1,600,297250,0
5892,44,1,600,0,113102
8540,61,1,800,126000,0
72497,54,1,870,100000,74080
10012,38,1,1100,148500,122877
8918,53,1,1200,158000,0
70142,61,1,600,115400,0
12417,64,1,700,260000,0
1909,30,2,950,30000,0
2616,38,1,600,140000,107554
8041,58,1,800,135000,0
3968,46,1,600,190000,38507
8296,27,1,765,153000,114501
11737,55,1,800,35000,0
1008,25,1,500,49000,28213
733,66,1,800,116000,96169
15255,21,1,200,20000,11774
8365,36,1,800,337000,206641
4213,50,2,1060,423535,117032
5417,59,2,900,350000,2297
7028,47,1,900,77000,0
4928,38,1,600,97000,65766
8262,57,1,1800,118000,0
7488,59,1,800,352000,0
5814,68,1,300,52500,0
362,52,1,800,150000,29216
18,52,3,1300,88000,0
9642,63,1,680,63000,0
2422,27,1,800,133000,98146
70838,45,1,800,180000,203256
5780,52,1,800,165237,130801
783,37,3,300,2500,0
3055,67,2,800,133000,2748
2232,72,2,850,143915,153
623,57,1,850,0,107997
7011,28,1,850,76000,43067
127,25,1,800,0,217598
1189,37,1,800,310000,248464
1292,56,1,650,15000,938
1382,54,1,1000,225000,163628
2017,55,1,1000,50000,98153
6806,40,1,600,98000,72499
6921,33,1,500,85000,40577
7612,38,1,1000,480000,351789
7878,29,1,500,250000,73291
72985,48,1,500,0,22353
5,59,1,786,160000,0
6388,46,2,1500,0,0
310,60,2,900,200000,0
872,66,2,1000,0,0
1231,63,2,900,0,22135
2525,48,2,800,257000,0
4969,67,2,600,97000,0
302,46,1,550,100000,37893
939,68,1,840,105000,80073
995,53,1,900,180000,0
1081,51,1,880,142000,59687
1138,57,1,600,28000,91027
1238,49,1,800,127500,125021
1269,61,1,900,0,183854
3804,40,1,800,202500,17897
4716,40,1,840,160000,140308
5274,29,1,800,220000,189203
5320,63,1,800,86000,85900
5398,55,1,800,206800,0
5708,64,1,700,32000,29294
6024,55,1,900,108000,62639
6060,59,1,300,48000,4231
6384,55,1,320,20000,267
6965,63,1,600,20000,45088
7224,68,1,1050,155000,0
8237,19,1,300,31000,9744
8869,66,1,800,250000,228302
9205,29,1,750,130000,105720
12473,54,1,800,135000,0
12771,69,1,600,55000,0
13841,63,1,600,30000,0
70473,43,1,600,125000,158260
71592,49,1,800,0,0
73042,53,1,900,300000,247749
99230,48,1,800,130000,68534
246,64,3,600,86000,0
459,75,1,240,84000,0
748,70,1,300,0,15937
2358,62,1,900,118000,86137
3455,55,1,590,94000,75019
4331,71,1,350,33000,0
4476,26,1,800,305000,206702
6823,40,1,1200,393000,304393
7632,55,1,1100,108000,0
8020,56,1,475,160000,192644
9532,52,1,800,90000,94804
9867,43,1,800,135000,55591
11640,64,1,475,0,102822
13114,67,1,400,30000,28427
71037,59,1,800,40000,0
98295,51,1,800,142000,104230
14,50,3,600,67000,0
679,73,1,800,0,45087
970,69,1,800,96918,72745
2335,67,1,500,0,0
3316,23,1,800,0,16102
4320,32,1,780,175000,133530
4664,51,1,600,90000,0
7590,59,1,600,10000,53144
9078,39,1,400,0,6383
9271,70,1,705,50000,0
17338,76,1,360,33000,0
427,38,2,800,67000,0
34,62,3,530,38041,0
504,36,3,450,0,0
1196,52,1,700,0,19965
1696,29,1,800,165000,0
2179,50,1,600,0,25479
3275,43,1,675,70953,53930
3780,58,1,500,0,11605
3900,74,1,500,58000,10717
5069,21,1,400,74000,30201
5535,32,1,300,50000,9489
7085,30,1,600,75000,41930
7341,47,1,800,108000,0
7556,52,1,400,42200,0
8353,57,1,550,40000,0
9137,54,1,500,0,34261
64011,81,1,500,0,0
71835,52,1,600,71000,0
98252,81,1,300,6000,0
6,66,1,200,7500,0
856,42,3,300,15000,130462
900,53,3,270,16400,0
1108,22,3,400,6000,3048
8345,52,1,800,175000,138208
7,32,3,250,14500,0
7201,33,1,800,100000,97738
2070,43,1,792,81000,57214
5329,26,1,400,90000,67046
1510,30,1,800,87000,53500
7937,49,1,320,26000,63196
7138,49,1,750,60000,48237
13241,52,1,800,252000,126321
566,55,1,850,221284,159285
2502,45,2,500,21200,637
4109,47,1,600,0,46288
9169,25,1,630,85000,35633
1248,56,1,1080,0,153194
4103,50,1,800,135000,105505
532,33,1,600,0,71638
1758,27,1,800,0,106237
2035,47,1,600,100000,52307
5939,49,1,800,215000,134287
6270,54,1,550,54000,44097
7921,40,1,600,0,12240
8362,27,1,550,134000,72087
98559,57,1,900,195000,153691
2157,59,1,650,0,42069
3716,25,1,600,24000,33659
1272,31,1,600,61000,33117
1519,24,1,800,0,78499
2707,57,1,600,83000,65311
3597,43,1,600,0,79290
6773,20,1,1050,156000,92900
9550,29,1,400,37000,3145
72709,54,1,500,47000,0
72871,44,1,400,25000,21285
98422,49,1,800,108000,72533
8,45,1,500,127011,0
1538,58,2,800,0,0
9724,50,1,800,115000,0
5441,45,1,600,250000,165070
169,56,1,1000,145700,113543
1201,24,1,900,320000,160966
9,53,1,860,212500,0
10,73,2,300,17200,0
7010,64,2,500,47675,0
7108,58,2,1000,28000,0
3637,64,2,345,49500,0
2289,68,2,850,109000,0
11,55,2,660,82000,0
7496,25,1,900,0,89981
6052,56,2,400,64000,0
8709,28,1,800,110000,101965
4468,61,2,1000,155000,0
12,39,1,800,400000,0
713,56,2,1000,176635,0
2282,53,2,900,140000,0
3830,56,2,820,170000,0
13,37,2,500,55000,0
2567,56,2,1000,170000,83267
2672,30,2,800,287000,0
1574,28,2,900,292500,0
9518,18,1,100,8100,5352
8774,54,1,800,0,118573
1308,60,3,250,11500,0
902,32,1,800,0,158353
932,33,1,800,233000,0
3214,34,2,800,37142,0
4268,67,2,900,0,167531
4802,51,2,800,95000,0
5381,61,2,800,202000,0
5428,54,2,880,242000,20305
15,55,2,900,250,0
49,69,3,1200,0,0
2683,53,1,788,30000,85899
12930,63,1,1000,275000,169622
98300,53,1,1000,50000,144645
5340,46,2,800,110000,0
1451,60,1,800,67500,48974
9052,81,1,775,0,136516
1376,55,2,900,25000,0
1911,38,2,650,0,570
17145,64,2,400,11000,0
1301,52,1,400,0,11891
6814,55,1,1100,107000,66974
9705,56,1,600,0,43659
1501,45,2,800,20000,0
5583,64,2,250,1100,0
5953,68,2,800,20000,0
5804,64,2,450,81000,80261
6691,18,2,300,25723,5087
9696,56,2,375,22500,0
16,25,2,,0,0
12681,44,1,800,427000,302220
2582,56,1,300,26000,22943
8284,27,1,300,53733,40902
2632,38,1,780,112400,110993
10011,23,1,800,320000,208859
9522,39,1,100,5400,310
1551,45,1,600,40000,17417
9527,35,1,900,179084,137465
3356,69,1,1100,200000,137466
2348,62,1,850,149000,110561
99777,52,2,800,15000,0
7996,69,1,800,136000,89600
2947,55,2,660,82000,0
162,24,1,900,351000,254680
937,29,1,950,300000,343288
1236,60,1,840,443000,256879
3473,33,1,800,374000,216253
6181,42,1,800,200000,108564
8143,52,1,600,178000,115871
8355,68,1,800,50000,160408
9360,58,1,800,185000,131778
80,62,3,1150,169000,0
1282,50,1,900,363471,262929
1701,35,1,800,0,0
1740,72,1,325,46000,33754
1756,56,1,800,264000,227906
2430,30,1,800,0,327457
3484,67,1,700,105500,92788
4806,68,1,800,0,37531
5858,83,1,500,60000,0
6747,58,1,800,180000,113021
7523,54,1,800,130000,96812
8119,40,1,900,202000,158017
10191,36,1,800,200000,0
37100,63,1,800,30000,86274
70596,34,1,800,0,81221
1231,70,1,800,0,22135
3236,34,1,600,250000,153553
5186,25,1,660,0,85464
5922,55,1,800,200000,194369
6626,61,1,700,69000,73372
70111,30,1,400,33000,0
5729,65,1,800,74000,69855
5900,39,1,800,45000,21931
6363,49,1,480,76350,74732
11478,51,1,400,0,0
6150,57,2,1000,100000,0
488,39,1,500,50000,45409
1411,66,1,500,64500,46307
4575,52,1,820,38000,128506
7353,50,1,800,40000,6088
6746,77,1,300,5930,17996
8630,77,1,800,78000,58173
1642,53,1,800,108000,93002
1274,58,1,800,188637,134708
1708,24,1,1000,390000,393013
17,42,3,500,32021,0
11228,63,1,600,100000,0
26,58,3,1300,228000,0
1303,52,1,800,261000,184707
1471,48,2,600,1200,0
375,61,3,600,3500,0
295,40,1,800,0,406401
126,35,2,1000,235000,0
8606,68,1,850,0,171898
19,61,2,700,77000,0
7173,66,1,600,5500,5376
6210,32,1,800,0,205925
6330,32,1,800,147000,74239
4255,28,1,500,110000,58267
3034,31,1,580,69000,38501
2457,34,1,800,190000,127589
2479,48,1,800,240000,181824
4599,57,1,800,210000,181985
4625,37,1,800,615000,379677
6462,62,1,810,160000,126408
7657,71,1,800,40000,128472
8274,50,1,800,450000,294152
8276,54,1,900,225000,189864
11313,51,1,800,30000,87214
2109,58,2,900,177000,70737
2172,50,2,860,200000,0
6419,42,2,1050,117000,0
3602,18,1,100,15000,9186
3639,93,1,800,0,16862
4884,55,1,900,255000,175834
5171,40,1,800,0,131193
6341,70,1,800,13000,39320
9654,60,1,780,0,88434
12724,61,1,1100,0,129302
1537,63,2,400,5500,0
3965,29,2,800,180000,0
3835,43,1,800,260000,289854
4946,49,1,1000,189000,0
8899,53,2,1000,209000,0
2662,60,1,700,100000,27898
3790,58,1,800,88000,0
10410,35,1,800,400000,196800
72648,48,1,700,14000,41132
657,52,2,500,34000,0
2386,66,1,300,15000,10660
4881,22,1,300,0,2494
6009,51,1,520,63000,36025
80981,67,1,525,24000,15849
4950,35,1,800,185000,118718
724,55,1,700,0,40189
5454,24,1,400,20000,15559
14216,62,1,800,136966,108834
9411,75,1,300,5200,3235
13093,57,1,85,9000,5668
6496,47,1,700,42000,17721
20,48,1,800,5400,0
4417,53,1,700,34742,21989
9378,59,1,700,65000,42169
72404,48,1,700,52000,0
1114,59,1,600,45000,24913
6917,69,1,485,127000,93961
7401,77,1,800,0,16328
4071,36,1,800,35000,42846
21,48,1,800,93660,0
763,51,1,600,130000,115374
467,58,1,550,0,97303
1571,68,1,750,0,41018
6625,31,1,800,0,121270
72343,69,1,500,0,48467
2751,61,1,600,15000,71878
2253,67,1,510,114000,62330
130,56,1,800,260000,207949
1293,50,1,550,0,89825
4396,18,1,800,220000,80083
5973,62,1,900,369000,270811
7830,53,1,900,280000,173736
7464,68,1,650,122000,157353
6478,32,1,800,0,250616
2501,45,1,800,157000,121368
3611,46,1,1100,329000,223357
5971,61,1,600,0,196096
1697,47,1,300,5000,7299
6080,60,1,800,166000,242749
9213,71,1,850,250000,205707
10741,64,1,500,16250,613
486,51,1,1150,0,149672
4945,35,1,900,257000,162462
7177,72,1,950,0,53931
4954,23,1,450,52000,824
70469,34,1,800,220000,147372
2909,39,1,800,75000,55701
6693,27,1,300,61000,0
9732,22,1,550,94000,57884
7369,27,1,700,50000,33980
1691,,1,800,185000,159253
1525,46,1,800,194000,128909
5630,44,1,41,4000,5492
4512,50,1,800,215000,171192
8924,73,1,113,2000,2944
72957,70,1,300,0,0
2809,52,1,200,1200,2671
72765,54,1,150,6635,0
421,36,3,300,0,0
545,55,3,600,0,0
1020,27,3,300,1100,0
6691,76,1,175,6599,5087
3133,58,1,400,40000,7993
3322,55,1,350,15235,11231
94,61,3,400,49500,25011
1314,55,3,200,6400,0
2461,56,1,700,43000,0
4283,41,2,450,47000,0
73382,50,1,400,26000,17305
7994,58,2,500,0,40180
3857,51,1,600,163000,60435
3379,66,1,500,95000,0
7802,43,1,400,2500,3673
508,23,3,600,0,0
5469,50,1,800,0,0
7563,53,1,600,140000,0
99611,42,1,800,100000,0
39431,76,1,650,0,0
2108,48,2,600,15000,0
4595,35,2,850,30000,121842
1902,62,1,800,160000,72859
9390,56,1,800,166000,130560
3168,50,1,500,85000,0
3775,42,2,880,149000,0
928,20,1,850,100000,35858
2108,48,2,600,75000,0
5219,44,2,760,64083,0
514,55,2,800,195000,0
5155,28,1,1000,158000,121265
3456,51,1,800,170000,114307
1365,41,1,800,0,153806
6257,52,1,800,189000,0
5209,60,2,880,145000,0
7258,47,1,400,3000,2030
5050,64,1,750,48000,18174
1844,55,1,400,40000,3663
10060,50,1,500,32500,17176
442,,2,800,22000,0
7184,55,1,600,73000,0
469,61,1,600,82000,54230
2299,69,1,800,0,37632
175,45,3,600,70000,0
1982,29,1,700,65000,37738
1859,64,1,550,65100,39606
1342,61,1,520,0,37870
3858,44,1,600,0,44624
1615,52,1,400,49000,48864
3759,50,1,850,245000,0
5921,35,1,800,37000,113644
1226,39,1,600,60000,73696
10048,52,1,800,50000,0
119,65,3,1200,0,12825
556,54,1,800,471000,323728
3518,39,1,600,56000,56800
3794,62,1,600,76000,64387
5948,18,1,190,4800,1116
3713,55,1,350,53399,42757
7742,54,1,800,25000,3511
559,65,1,200,0,1373
2727,55,1,750,29209,16631
2733,56,1,750,35400,0
8743,20,1,450,22000,551
7526,65,1,600,247000,179009
10899,19,1,430,80000,43243
99136,51,1,1000,100000,92912
3531,64,1,800,157000,119520
148,45,1,825,205000,211678
1863,70,1,800,114000,276742
251,35,1,800,63000,131598
4117,46,1,800,308000,231611
7115,47,2,800,130000,0
15994,52,1,800,50000,24887
847,18,1,500,7000,2876
1363,60,2,200,5200,0
2486,56,1,30,1500,0
4909,71,2,350,10700,0
3778,75,1,500,74000,60224
434,63,1,650,27000,0
241,61,2,650,53000,13468
771,70,1,100,14300,6646
2699,63,2,250,6100,0
5623,53,2,300,18736,0
9982,22,1,647,122543,73822
915,23,3,550,100000,0
5868,56,1,780,0,94729
17145,64,2,400,10000,0
6516,18,1,450,60000,59808
256,60,2,800,60000,0
5536,49,2,800,145000,0
853,55,1,700,93244,65982
17450,51,2,700,115000,0
2734,59,1,900,170000,128446
17283,72,2,805,143915,0
4648,43,2,800,167000,0
23,77,1,850,60000,0
5651,41,2,550,83000,310
1760,18,1,225,15300,7654
812,71,2,800,16000,96318
108,20,1,600,38000,12164
72078,49,1,800,8500,27989
4488,47,1,800,0,266904
3270,51,1,800,354000,156812
702,68,1,500,40000,20719
2515,49,1,700,42000,24954
2025,87,1,33,4799,2887
7280,69,1,300,15000,0
99030,53,1,800,80000,0
72202,66,1,400,11845,0
9878,62,1,500,5000,11780
5972,51,2,700,23000,0
98530,70,1,400,30090,22106
228,66,1,300,17500,15941
9185,73,1,400,21000,20361
9075,45,1,800,0,84773
7027,63,1,800,194000,128190
7508,38,1,800,248000,232679
2433,65,2,400,37000,0
22,56,1,800,270000,195667
113,56,1,800,390000,275123
236,69,1,820,0,88090
498,57,1,900,0,200606
498,58,1,880,260002,200606
1436,55,1,800,200000,0
1583,37,1,800,310000,260654
1951,71,1,890,0,0
1952,46,1,800,15000,0
2740,50,1,800,70000,66363
785,48,1,1200,185000,140083
3578,43,1,800,0,200153
3949,46,1,850,0,192544
4720,42,1,900,195000,105526
4853,38,1,800,0,0
5034,31,1,900,300000,319760
5224,34,1,1000,0,468954
5273,28,1,,0,210941
5390,45,1,600,0,0
5989,18,1,900,647000,0
6142,50,1,800,280000,115114
6421,65,1,800,275000,161938
6737,57,1,800,72000,28550
6841,51,1,800,270000,178606
7779,65,1,800,65000,39126
7803,42,1,700,60300,47808
8302,53,1,800,0,182088
812,30,1,800,0,263989
9812,72,1,830,30000,125616
9828,37,1,800,50000,134220
70132,42,1,400,7000,1020
72601,43,1,800,218000,0
99081,54,1,800,172000,130089
24,24,1,900,105000,0
126,35,2,1000,0,0
381,53,2,800,74600,0
1201,47,2,1300,57000,160966
1722,23,2,800,40000,0
1777,61,2,1000,464000,1300
2041,49,2,800,0,0
2273,56,2,800,243000,0
2527,74,2,,0,0
3065,61,2,800,0,0
764,45,2,840,0,0
9231,69,2,950,163000,0
16650,69,2,1538,0,0
17283,72,2,805,143915,0
84640,62,2,300,0,0
25,67,2,600,0,0
58,76,3,700,0,0
82,48,3,1000,0,0
308,69,1,550,11000,31259
453,49,1,750,200000,148888
643,57,1,800,230000,157043
695,68,1,800,0,0
982,27,1,800,177000,226915
1070,34,1,725,63000,204950
1256,43,1,800,190000,137302
381,67,1,800,0,57337
1448,45,1,800,0,211678
1570,61,1,820,0,61896
1800,70,1,450,0,1284
1962,42,1,500,135000,147834
2291,81,1,600,0,27310
2450,40,1,730,23000,72928
2538,53,1,600,45000,169274
268,63,1,400,85000,41267
3083,65,1,500,80000,22005
3542,35,1,800,43000,56745
4137,31,1,500,106000,0
4534,32,1,400,69000,0
4565,27,1,880,0,119436
4696,44,1,880,340000,263825
5058,65,1,800,28000,82773
5320,63,1,800,0,85900
5364,63,1,800,0,69574
5519,39,1,900,0,59603
5657,56,1,700,70000,33703
574,61,1,800,30000,0
6791,56,1,450,334000,2146
6874,51,1,800,20000,48927
6990,39,1,800,170000,110785
7214,63,1,800,0,237671
7244,22,1,800,105000,76546
726,62,1,700,45000,42201
7324,51,1,850,0,0
7476,27,1,800,185000,97033
7511,24,1,700,0,147154
7541,33,1,600,110000,79756
7797,61,1,900,320000,98987
799,44,1,800,220000,135973
7977,46,1,800,197000,152218
8036,59,1,700,115000,48766
803,41,1,200,0,0
868,69,1,500,165000,120810
8301,57,1,700,145000,0
893,55,1,800,90000,91152
8976,54,1,800,112000,0
9113,38,1,1000,449000,149095
916,61,1,980,0,0
965,81,1,900,0,132055
9468,42,1,800,197000,97067
9656,84,1,800,20000,29786
948,37,1,792,102000,74084
1866,51,1,470,88000,62264
70434,43,1,800,117152,0
99659,46,1,800,110000,77694
26,38,1,800,148000,0
27,51,1,850,315000,0
48,25,2,400,0,184930
2055,57,2,800,27000,594
2068,70,2,300,5000,0
3092,51,2,880,135000,0
3361,65,2,700,70000,0
397,80,2,500,23000,0
3683,65,2,800,152000,0
28,49,2,250,0,0
91,30,3,450,1100,0
67,52,1,500,12600,20092
521,63,1,800,111000,0
527,21,1,200,16000,13368
551,57,1,500,172000,170661
621,35,1,525,149000,186339
747,56,1,400,0,24566
1005,39,1,940,0,128104
1532,31,1,700,200000,0
1746,,1,700,0,27081
210,73,1,330,11000,48934
2487,30,1,600,36000,36589
2666,63,1,800,0,107482
2687,72,1,450,51000,31151
2741,22,1,400,10000,13468
4044,64,1,860,52000,128530
4080,31,1,575,77000,53329
4148,64,1,775,75000,55232
4223,37,1,700,37000,11859
446,46,1,800,0,4469
4595,75,1,800,162000,121842
5033,25,1,800,40000,72352
5543,60,1,800,172000,125920
5792,49,1,500,0,7798
5931,47,1,700,113000,82919
603,77,1,300,0,4055
6320,56,1,900,45000,41596
6780,70,1,700,147500,85682
6918,54,1,800,0,57450
7015,45,1,500,80000,51339
7070,19,1,500,0,31678
711,65,1,600,57000,0
7323,66,1,800,65000,46091
7649,59,1,400,36200,0
7761,50,1,800,19355,58682
8065,47,1,900,0,108819
8083,53,1,800,240000,169423
886,76,1,800,0,0
8695,58,1,600,0,5814
8746,65,1,600,20000,8630
8818,83,1,800,15000,28578
9138,25,1,600,105000,68850
9201,49,1,1000,0,157240
908,42,1,800,155500,150559
9564,32,1,800,190000,61333
9852,59,1,750,45000,35548
10043,75,1,800,0,0
21531,52,1,800,130000,111687
70334,72,1,350,5000,13919
7022,49,1,400,0,1350
72448,51,1,800,50000,75928
73543,57,1,790,20000,0
99619,58,1,700,30000,59800
49,51,2,800,64000,0
2751,61,2,400,47000,0
2757,33,2,800,0,0
3606,60,2,800,92000,0
507,61,2,600,86000,0
9557,38,2,300,10000,17426
292,75,1,999,32400,101620
355,63,1,250,18000,8349
39,65,1,800,41000,19924
989,37,1,700,0,43267
1141,77,1,400,15000,11653
1153,75,1,725,75748,53195
1166,70,1,600,23000,21230
1494,67,1,430,0,21732
121,54,1,600,90000,96191
1711,23,1,600,0,69779
1834,57,1,800,25000,31449
2147,44,1,800,130000,88781
2162,32,1,,0,53158
2307,68,1,500,0,5853
2702,78,1,400,27000,16708
2837,73,1,600,29749,33708
3059,71,1,800,0,43639
3119,18,1,800,47000,108376
3145,70,1,800,0,650
3461,45,1,800,149800,106343
3470,,1,,4800,2512
3588,48,1,800,88000,73437
3658,42,1,900,200000,172280
4105,50,1,800,0,97305
4182,47,1,400,0,63167
411,77,1,300,24000,259989
4556,30,1,800,422000,256012
4899,38,1,600,32000,47347
4934,67,1,1000,86000,100602
4990,87,1,800,63000,0
5045,63,1,800,40000,30244
5501,52,1,800,0,54389
5666,82,1,200,0,3043
5732,27,1,200,0,4527
5757,75,1,250,0,6524
5869,18,1,700,24000,0
6069,84,1,400,320000,16980
6347,48,1,,0,0
6863,53,1,800,16000,97079
644,68,1,160,0,18687
7295,42,1,800,19000,68260
7317,69,1,340,46000,39771
7336,,1,800,0,78543
7506,27,1,500,61000,7598
7705,74,1,200,3000,0
7711,90,1,200,0,7589
7784,80,1,440,0,45888
883,46,1,500,0,27277
8188,34,1,800,187000,120536
8343,42,1,800,30000,490
8632,48,1,480,54000,40269
8708,76,1,600,97000,0
9114,44,1,880,175000,136996
9139,29,1,500,0,97493
9259,67,1,350,0,398
9425,36,1,600,32000,26185
9494,53,1,800,80000,37398
10249,67,1,700,0,58710
1198,42,1,650,0,0
12917,55,1,400,15000,0
17113,60,1,600,45000,0
20081,50,1,800,50000,101775
70279,47,1,700,40000,34187
70536,63,1,550,0,11930
72864,47,1,,0,3960
98543,58,1,750,35000,0
98638,75,1,600,0,30467
99563,53,1,720,0,85029
29,63,1,350,8000,0
30,47,1,500,0,0
31,36,1,800,99000,0
1279,59,2,520,18000,0
2076,67,2,170,0,0
2288,73,2,300,25904,0
2355,40,2,450,20000,0
2729,60,2,513,39087,0
2773,39,2,880,0,0
5295,67,2,500,0,3232
598,57,2,300,0,0
105,56,3,500,0,0
211,54,3,800,15000,0
143,50,1,300,460000,0
161,21,1,250,20000,4669
757,63,1,100,1500,1621
804,70,1,600,15000,10054
805,,1,,5900,0
922,60,1,342,36000,20306
1125,18,1,445,0,50228
1312,42,1,600,85000,55981
1658,76,1,400,0,5235
151,74,1,300,18000,0
2032,64,1,100,28800,4983
2066,58,1,300,0,3134
2111,32,1,400,5500,4314
2948,45,1,600,45000,28554
3141,65,1,400,12000,11422
3150,70,1,400,6000,0
3158,36,1,800,108000,70612
3357,25,1,500,0,955
3614,19,1,50,0,0
3705,41,1,350,19000,12235
3739,,1,150,1500,26200
442,23,1,300,0,8515
4630,55,1,300,22000,15197
4874,63,1,750,465000,0
932,18,1,100,12500,16289
4962,54,1,135,31000,18507
5017,27,1,600,55000,208
5043,25,1,125,0,5860
5203,27,1,450,46000,6001
537,56,1,230,396000,8690
5516,18,1,300,12100,11319
5675,77,1,500,27000,55289
680,37,1,900,210000,134349
6886,53,1,400,0,0
6898,64,1,515,50000,45167
7383,44,1,400,0,18608
705,28,1,500,60000,198976
7754,,1,150,1500,70773
7981,65,1,200,0,25035
8077,59,1,350,31000,28418
8129,69,1,400,50000,40345
8312,39,1,700,85000,72620
8544,77,1,500,0,0
8837,66,1,450,0,32212
8917,71,1,500,3500,12468
8930,36,1,330,19000,16706
9066,48,1,150,11000,9403
9251,21,1,250,13000,13461
9370,57,1,400,0,35144
9405,38,1,600,0,32636
9420,53,1,300,26500,15748
10062,74,1,200,0,1925
10366,31,1,800,145000,96681
11305,51,1,1500,20000,36140
14895,73,1,450,1095,6848
26827,51,1,800,60000,0
70182,40,1,356,22000,20846
7016,64,1,175,4000,0
71024,50,1,350,0,20523
72843,59,1,600,13000,0
7867,62,1,550,4000,0
72882,83,1,180,0,7505
33,44,1,250,0,0
3931,66,2,180,0,0
5767,69,2,300,40000,0
7183,49,2,400,35000,50584
23,37,3,225,4000,0
704,65,3,600,60000,21808
145,40,3,600,60000,40996
1123,66,3,600,6500,0
1205,56,3,150,0,238754
34,37,3,250,0,0